ID,Name,Date,Time,Event,Status,Latitude,Longitude,Maximum Wind,Minimum Pressure,Low Wind NE,Low Wind SE,Low Wind SW,Low Wind NW,Moderate Wind NE,Moderate Wind SE,Moderate Wind SW,Moderate Wind NW,High Wind NE,High Wind SE,High Wind SW,High Wind NW
EP222015,             SANDRA,20151123,1200,  , LO,10.9N,100.5W,25,1006,0,0,0,0,0,0,0,0,0,0,0,0
EP222015,             SANDRA,20151123,1800,  , TD,10.8N,102.0W,30,1005,0,0,0,0,0,0,0,0,0,0,0,0
EP222015,             SANDRA,20151124,0,  , TS,10.8N,103.3W,35,1004,50,0,0,60,0,0,0,0,0,0,0,0
EP222015,             SANDRA,20151124,600,  , TS,10.9N,104.4W,40,1002,50,0,0,60,0,0,0,0,0,0,0,0
EP222015,             SANDRA,20151124,1200,  , TS,11.2N,105.5W,45,1000,50,30,0,60,0,0,0,0,0,0,0,0
EP222015,             SANDRA,20151124,1800,  , TS,11.5N,106.6W,50,999,50,30,0,60,20,0,0,20,0,0,0,0
EP222015,             SANDRA,20151125,0,  , TS,11.8N,107.6W,60,996,50,30,20,60,30,20,0,30,0,0,0,0
EP222015,             SANDRA,20151125,600,  , HU,12.1N,108.5W,70,989,50,30,30,60,30,20,0,30,15,0,0,15
EP222015,             SANDRA,20151125,1200,  , HU,12.3N,109.3W,85,976,60,40,30,70,30,20,20,30,20,10,10,20
EP222015,             SANDRA,20151125,1800,  , HU,12.7N,109.7W,95,967,70,50,40,80,30,20,20,30,20,15,10,20
EP222015,             SANDRA,20151126,0,  , HU,13.3N,110.2W,110,957,80,70,50,80,40,30,20,30,20,15,10,20
EP222015,             SANDRA,20151126,600,  , HU,14.1N,110.2W,130,934,100,100,60,90,50,40,30,40,30,25,15,25
EP222015,             SANDRA,20151126,1200,  , HU,15.2N,110.2W,120,943,120,110,60,90,50,40,30,40,30,25,15,25
EP222015,             SANDRA,20151126,1800,  , HU,16.3N,110.2W,115,947,140,130,60,90,60,40,30,40,30,25,15,25
EP222015,             SANDRA,20151127,0,  , HU,17.4N,109.8W,110,951,140,130,60,90,60,40,30,40,30,25,15,25
EP222015,             SANDRA,20151127,600,  , HU,18.5N,109.3W,95,963,140,120,60,90,60,40,30,30,30,25,15,20
EP222015,             SANDRA,20151127,1200,  , HU,19.3N,108.8W,85,970,140,120,50,70,60,40,30,30,30,25,15,20
EP222015,             SANDRA,20151127,1800,  , HU,20.0N,108.2W,75,978,130,110,40,60,60,40,20,30,35,25,10,20
EP222015,             SANDRA,20151128,0,  , TS,20.7N,108.8W,60,987,120,110,40,60,50,40,0,30,0,0,0,0
EP222015,             SANDRA,20151128,600,  , LO,21.2N,109.1W,40,994,100,60,0,0,0,0,0,0,0,0,0,0
EP222015,             SANDRA,20151128,1200,  , LO,21.7N,109.0W,35,1002,60,0,0,0,0,0,0,0,0,0,0,0
EP222015,             SANDRA,20151128,1800,  , LO,22.4N,108.7W,30,1007,0,0,0,0,0,0,0,0,0,0,0,0
EP222015,             SANDRA,20151129,0,  , LO,23.1N,108.3W,30,1008,0,0,0,0,0,0,0,0,0,0,0,0
EP222015,             SANDRA,20151129,600,  , LO,23.5N,107.9W,25,1009,0,0,0,0,0,0,0,0,0,0,0,0
EP222015,             SANDRA,20151129,1200,  , LO,24.2N,107.7W,20,1010,0,0,0,0,0,0,0,0,0,0,0,0
AL062015,               FRED,20150830,0,  , TD,11.6N,17.5W,30,1007,0,0,0,0,0,0,0,0,0,0,0,0
AL062015,               FRED,20150830,600,  , TS,12.2N,18.4W,35,1005,30,30,0,30,0,0,0,0,0,0,0,0
AL062015,               FRED,20150830,1200,  , TS,13.1N,19.5W,45,1004,50,50,0,30,0,0,0,0,0,0,0,0
AL062015,               FRED,20150830,1800,  , TS,14.0N,20.7W,55,998,60,60,30,50,30,30,10,20,0,0,0,0
AL062015,               FRED,20150831,0,  , HU,14.6N,21.7W,65,992,70,70,50,60,40,40,20,30,10,10,10,10
AL062015,               FRED,20150831,600,  , HU,15.3N,22.5W,70,989,70,70,50,60,40,40,20,30,15,10,10,15
AL062015,               FRED,20150831,1200,  , HU,16.1N,23.3W,75,986,70,70,50,60,40,40,20,30,15,10,10,15
AL062015,               FRED,20150831,1800,  , HU,16.8N,24.1W,70,988,70,70,50,60,40,40,20,30,15,10,10,15
AL062015,               FRED,20150901,0,  , HU,17.4N,24.9W,65,991,70,70,50,60,40,40,20,30,10,10,0,10
AL062015,               FRED,20150901,600,  , TS,17.8N,25.7W,60,994,70,70,40,60,30,30,0,30,0,0,0,0
AL062015,               FRED,20150901,1200,  , TS,18.2N,26.7W,50,1000,70,40,40,70,30,0,0,30,0,0,0,0
AL062015,               FRED,20150901,1800,  , TS,18.7N,27.6W,45,1003,70,40,40,70,0,0,0,0,0,0,0,0
AL062015,               FRED,20150902,0,  , TS,19.1N,28.7W,45,1003,70,40,40,70,0,0,0,0,0,0,0,0
AL062015,               FRED,20150902,600,  , TS,19.3N,29.7W,40,1004,70,40,40,70,0,0,0,0,0,0,0,0
AL062015,               FRED,20150902,1200,  , TS,19.6N,30.5W,40,1005,60,40,0,50,0,0,0,0,0,0,0,0
AL062015,               FRED,20150902,1800,  , TS,20.0N,31.4W,35,1006,60,30,0,50,0,0,0,0,0,0,0,0
AL062015,               FRED,20150903,0,  , TS,20.4N,32.2W,35,1006,60,30,0,50,0,0,0,0,0,0,0,0
AL062015,               FRED,20150903,600,  , TS,20.7N,32.9W,40,1005,60,40,0,40,0,0,0,0,0,0,0,0
AL062015,               FRED,20150903,1200,  , TS,21.3N,33.7W,40,1005,60,40,0,40,0,0,0,0,0,0,0,0
AL062015,               FRED,20150903,1800,  , TS,21.8N,34.9W,35,1005,60,40,0,40,0,0,0,0,0,0,0,0
AL062015,               FRED,20150904,0,  , TS,21.9N,36.0W,35,1005,60,40,0,40,0,0,0,0,0,0,0,0
AL062015,               FRED,20150904,600,  , TS,22.0N,36.9W,35,1005,60,40,0,40,0,0,0,0,0,0,0,0
AL062015,               FRED,20150904,1200,  , TD,22.2N,37.9W,30,1005,0,0,0,0,0,0,0,0,0,0,0,0
AL062015,               FRED,20150904,1800,  , TD,22.4N,38.7W,30,1006,0,0,0,0,0,0,0,0,0,0,0,0
AL062015,               FRED,20150905,0,  , TS,22.7N,39.6W,35,1006,30,0,0,0,0,0,0,0,0,0,0,0
AL062015,               FRED,20150905,600,  , TS,23.0N,40.6W,35,1007,30,0,0,0,0,0,0,0,0,0,0,0
AL062015,               FRED,20150905,1200,  , TD,23.3N,41.5W,30,1008,0,0,0,0,0,0,0,0,0,0,0,0
AL062015,               FRED,20150905,1800,  , TD,23.5N,42.2W,30,1008,0,0,0,0,0,0,0,0,0,0,0,0
AL062015,               FRED,20150906,0,  , TD,23.8N,42.9W,30,1009,0,0,0,0,0,0,0,0,0,0,0,0
AL062015,               FRED,20150906,600,  , TD,24.5N,43.3W,30,1010,0,0,0,0,0,0,0,0,0,0,0,0
AL062015,               FRED,20150906,1200,  , TD,25.3N,43.2W,25,1010,0,0,0,0,0,0,0,0,0,0,0,0
CP012013,               PEWA,20130815,0,  , DB,7.6N,167.3W,25,1009,0,0,0,0,0,0,0,0,0,0,0,0
CP012013,               PEWA,20130815,600,  , DB,7.8N,168.1W,25,1008,0,0,0,0,0,0,0,0,0,0,0,0
CP012013,               PEWA,20130815,1200,  , DB,8.2N,168.9W,25,1008,0,0,0,0,0,0,0,0,0,0,0,0
CP012013,               PEWA,20130815,1800,  , DB,8.6N,169.9W,25,1008,0,0,0,0,0,0,0,0,0,0,0,0
CP012013,               PEWA,20130816,0,  , DB,8.9N,170.9W,25,1007,0,0,0,0,0,0,0,0,0,0,0,0
CP012013,               PEWA,20130816,600,  , TD,9.2N,172.0W,30,1005,0,0,0,0,0,0,0,0,0,0,0,0
CP012013,               PEWA,20130816,1200,  , TS,9.4N,173.1W,35,1005,40,10,10,40,0,0,0,0,0,0,0,0
CP012013,               PEWA,20130816,1800,  , TS,9.7N,174.0W,35,1005,40,10,10,40,0,0,0,0,0,0,0,0
CP012013,               PEWA,20130817,0,  , TS,10.0N,175.0W,45,1001,40,30,10,40,0,0,0,0,0,0,0,0
CP012013,               PEWA,20130817,600,  , TS,10.4N,176.0W,45,999,40,35,20,40,0,0,0,0,0,0,0,0
CP012013,               PEWA,20130817,1200,  , TS,10.8N,176.9W,50,997,45,35,20,40,20,20,0,0,0,0,0,0
CP012013,               PEWA,20130817,1800,  , TS,11.2N,177.9W,55,995,50,40,20,40,20,20,0,0,0,0,0,0
CP012013,               PEWA,20130818,0,  , TS,11.5N,179.0W,55,995,50,40,20,40,20,20,0,0,0,0,0,0
CP012013,               PEWA,20130818,600,  , TS,11.9N,179.9W,55,995,50,40,20,40,20,20,0,0,0,0,0,0
CP012013,               PEWA,20130818,1200,  , TS,12.5N,179.3E,50,997,50,40,20,40,10,5,5,10,0,0,0,0
CP012013,               PEWA,20130818,1800,  , TS,12.9N,178.8E,55,994,45,40,55,65,15,10,10,15,0,0,0,0
CP012013,               PEWA,20130819,0,  , HU,13.3N,178.4E,65,988,55,45,50,65,20,20,20,20,10,10,10,10
CP012013,               PEWA,20130819,600,  , HU,13.9N,178.0E,65,987,65,60,60,65,30,30,30,30,10,10,10,10
CP012013,               PEWA,20130819,1200,  , TS,14.6N,177.2E,60,989,65,60,60,65,30,30,30,30,0,0,0,0
CP012013,               PEWA,20130819,1800,  , TS,14.6N,176.3E,55,994,75,65,65,70,30,30,30,30,0,0,0,0
CP012013,               PEWA,20130820,0,  , TS,15.3N,175.6E,50,996,70,60,55,65,30,25,25,25,0,0,0,0
CP012013,               PEWA,20130820,600,  , TS,16.2N,174.8E,45,997,60,50,45,55,0,0,0,0,0,0,0,0
CP012013,               PEWA,20130820,1200,  , TS,17.4N,174.0E,45,998,65,55,50,60,0,0,0,0,0,0,0,0
CP012013,               PEWA,20130820,1800,  , TS,18.3N,172.8E,45,998,65,55,50,60,0,0,0,0,0,0,0,0
CP012013,               PEWA,20130821,0,  , TS,18.7N,171.8E,45,998,65,55,50,60,0,0,0,0,0,0,0,0
CP012013,               PEWA,20130821,600,  , TS,19.6N,171.3E,35,1001,65,55,50,60,0,0,0,0,0,0,0,0
CP012013,               PEWA,20130821,1200,  , TS,20.4N,170.6E,35,1002,65,55,50,60,0,0,0,0,0,0,0,0
CP012013,               PEWA,20130821,1800,  , TS,21.2N,170.0E,35,1003,65,55,50,60,0,0,0,0,0,0,0,0
CP012013,               PEWA,20130822,0,  , TD,22.1N,169.9E,30,1005,0,0,0,0,0,0,0,0,0,0,0,0
CP012013,               PEWA,20130822,600,  , TD,23.2N,169.6E,30,1005,0,0,0,0,0,0,0,0,0,0,0,0
CP012013,               PEWA,20130822,1200,  , TD,24.4N,169.3E,30,1006,0,0,0,0,0,0,0,0,0,0,0,0
CP012013,               PEWA,20130822,1800,  , TD,25.2N,169.2E,30,1006,0,0,0,0,0,0,0,0,0,0,0,0
CP012013,               PEWA,20130823,0,  , TD,26.2N,169.5E,30,1006,0,0,0,0,0,0,0,0,0,0,0,0
CP012013,               PEWA,20130823,600,  , TD,26.5N,169.5E,30,1006,0,0,0,0,0,0,0,0,0,0,0,0
CP012013,               PEWA,20130823,1200,  , TD,26.8N,169.3E,30,1006,0,0,0,0,0,0,0,0,0,0,0,0
CP012013,               PEWA,20130823,1800,  , TD,27.1N,169.3E,30,1006,0,0,0,0,0,0,0,0,0,0,0,0
CP012013,               PEWA,20130824,0,  , TD,27.6N,169.3E,30,1006,0,0,0,0,0,0,0,0,0,0,0,0
CP012013,               PEWA,20130824,600,  , TD,27.9N,168.9E,25,1007,0,0,0,0,0,0,0,0,0,0,0,0
CP012013,               PEWA,20130824,1200,  , DB,27.9N,168.8E,20,1007,0,0,0,0,0,0,0,0,0,0,0,0
CP012013,               PEWA,20130824,1800,  , DB,28.2N,167.6E,20,1008,0,0,0,0,0,0,0,0,0,0,0,0
CP012013,               PEWA,20130825,0,  , DB,28.3N,166.9E,20,1009,0,0,0,0,0,0,0,0,0,0,0,0
CP012013,               PEWA,20130825,600,  , DB,28.4N,166.2E,20,1009,0,0,0,0,0,0,0,0,0,0,0,0
AL122013,              KAREN,20131003,600,  , TS,21.5N,86.8W,45,1006,70,70,0,0,0,0,0,0,0,0,0,0
AL122013,              KAREN,20131003,1200,  , TS,22.1N,87.4W,55,1004,100,90,30,60,40,20,0,40,0,0,0,0
AL122013,              KAREN,20131003,1800,  , TS,22.8N,88.1W,55,1001,120,110,30,60,60,40,0,40,0,0,0,0
AL122013,              KAREN,20131003,2100, P, TS,23.3N,88.5W,55,998,120,110,30,60,60,40,0,40,0,0,0,0
AL122013,              KAREN,20131004,0,  , TS,23.9N,89.0W,50,999,120,110,0,60,60,40,0,0,0,0,0,0
AL122013,              KAREN,20131004,600,  , TS,24.5N,89.5W,45,1002,120,110,0,60,0,0,0,0,0,0,0,0
AL122013,              KAREN,20131004,1200,  , TS,25.2N,89.9W,45,1002,120,110,0,60,0,0,0,0,0,0,0,0
AL122013,              KAREN,20131004,1800,  , TS,25.8N,90.2W,45,1002,100,90,30,20,0,0,0,0,0,0,0,0
AL122013,              KAREN,20131005,0,  , TS,26.1N,90.5W,40,1004,100,90,30,0,0,0,0,0,0,0,0,0
AL122013,              KAREN,20131005,600,  , TS,26.7N,91.0W,40,1007,100,0,0,0,0,0,0,0,0,0,0,0
AL122013,              KAREN,20131005,1200,  , TS,27.6N,91.6W,40,1008,60,0,0,0,0,0,0,0,0,0,0,0
AL122013,              KAREN,20131005,1800,  , TS,27.9N,91.8W,35,1008,30,0,0,0,0,0,0,0,0,0,0,0
AL122013,              KAREN,20131006,0,  , TD,28.1N,91.9W,30,1008,0,0,0,0,0,0,0,0,0,0,0,0
AL122013,              KAREN,20131006,600,  , TD,28.1N,91.9W,25,1009,0,0,0,0,0,0,0,0,0,0,0,0
CP022013,              UNALA,20130812,600,  , DB,12.0N,139.6W,20,1010,0,0,0,0,0,0,0,0,0,0,0,0
CP022013,              UNALA,20130812,1200,  , DB,12.0N,140.6W,25,1009,0,0,0,0,0,0,0,0,0,0,0,0
CP022013,              UNALA,20130812,1800,  , DB,11.8N,141.8W,25,1009,0,0,0,0,0,0,0,0,0,0,0,0
CP022013,              UNALA,20130813,0,  , DB,11.5N,142.9W,25,1008,0,0,0,0,0,0,0,0,0,0,0,0
CP022013,              UNALA,20130813,600,  , DB,11.0N,143.8W,25,1008,0,0,0,0,0,0,0,0,0,0,0,0
CP022013,              UNALA,20130813,1200,  , DB,11.0N,145.5W,25,1008,0,0,0,0,0,0,0,0,0,0,0,0
CP022013,              UNALA,20130813,1800,  , DB,11.0N,147.2W,25,1009,0,0,0,0,0,0,0,0,0,0,0,0
CP022013,              UNALA,20130814,0,  , DB,11.2N,148.9W,25,1009,0,0,0,0,0,0,0,0,0,0,0,0
CP022013,              UNALA,20130814,600,  , DB,11.3N,150.7W,25,1009,0,0,0,0,0,0,0,0,0,0,0,0
CP022013,              UNALA,20130814,1200,  , DB,11.7N,152.5W,25,1009,0,0,0,0,0,0,0,0,0,0,0,0
CP022013,              UNALA,20130814,1800,  , DB,12.3N,154.0W,25,1009,0,0,0,0,0,0,0,0,0,0,0,0
CP022013,              UNALA,20130815,0,  , DB,12.5N,155.9W,25,1010,0,0,0,0,0,0,0,0,0,0,0,0
CP022013,              UNALA,20130815,600,  , DB,12.5N,157.5W,30,1010,0,0,0,0,0,0,0,0,0,0,0,0
CP022013,              UNALA,20130815,1200,  , DB,12.3N,159.1W,30,1010,0,0,0,0,0,0,0,0,0,0,0,0
CP022013,              UNALA,20130815,1800,  , DB,12.3N,160.6W,30,1010,0,0,0,0,0,0,0,0,0,0,0,0
CP022013,              UNALA,20130816,0,  , DB,12.5N,162.1W,30,1010,0,0,0,0,0,0,0,0,0,0,0,0
CP022013,              UNALA,20130816,600,  , DB,12.6N,163.8W,30,1010,0,0,0,0,0,0,0,0,0,0,0,0
CP022013,              UNALA,20130816,1200,  , DB,12.7N,165.6W,25,1010,0,0,0,0,0,0,0,0,0,0,0,0
CP022013,              UNALA,20130816,1800,  , DB,13.0N,166.9W,25,1010,0,0,0,0,0,0,0,0,0,0,0,0
CP022013,              UNALA,20130817,0,  , DB,13.4N,168.1W,25,1010,0,0,0,0,0,0,0,0,0,0,0,0
CP022013,              UNALA,20130817,600,  , DB,13.6N,169.2W,25,1010,0,0,0,0,0,0,0,0,0,0,0,0
CP022013,              UNALA,20130817,1200,  , DB,14.0N,170.4W,25,1010,0,0,0,0,0,0,0,0,0,0,0,0
CP022013,              UNALA,20130817,1800,  , DB,14.4N,171.7W,25,1010,0,0,0,0,0,0,0,0,0,0,0,0
CP022013,              UNALA,20130818,0,  , DB,14.9N,172.9W,25,1009,0,0,0,0,0,0,0,0,0,0,0,0
CP022013,              UNALA,20130818,600,  , DB,15.4N,174.0W,30,1008,0,0,0,0,0,0,0,0,0,0,0,0
CP022013,              UNALA,20130818,1200,  , DB,15.9N,175.0W,30,1007,0,0,0,0,0,0,0,0,0,0,0,0
CP022013,              UNALA,20130818,1800,  , DB,16.5N,176.2W,30,1006,0,0,0,0,0,0,0,0,0,0,0,0
CP022013,              UNALA,20130819,0,  , TS,17.0N,177.9W,35,1005,30,0,0,30,0,0,0,0,0,0,0,0
CP022013,              UNALA,20130819,600,  , TD,17.3N,179.4W,30,1007,0,0,0,0,0,0,0,0,0,0,0,0
EP042015,                ELA,20150707,1200,  , LO,13.4N,136.9W,30,1005,0,0,0,0,0,0,0,0,0,0,0,0
EP042015,                ELA,20150707,1800,  , LO,14.4N,138.3W,30,1005,0,0,0,0,0,0,0,0,0,0,0,0
EP042015,                ELA,20150708,0,  , TD,15.3N,139.5W,30,1005,0,0,0,0,0,0,0,0,0,0,0,0
EP042015,                ELA,20150708,600,  , TD,16.0N,140.6W,30,1005,0,0,0,0,0,0,0,0,0,0,0,0
EP042015,                ELA,20150708,1200,  , TS,16.6N,142.0W,35,1004,70,0,0,30,0,0,0,0,0,0,0,0
EP042015,                ELA,20150708,1800,  , TS,17.2N,143.4W,40,1002,70,0,0,30,0,0,0,0,0,0,0,0
EP042015,                ELA,20150709,0,  , TS,18.1N,144.1W,40,1002,80,0,0,30,0,0,0,0,0,0,0,0
EP042015,                ELA,20150709,600,  , TS,19.0N,144.7W,40,1002,90,0,0,30,0,0,0,0,0,0,0,0
EP042015,                ELA,20150709,1200,  , TS,19.7N,145.5W,35,1003,90,0,0,30,0,0,0,0,0,0,0,0
EP042015,                ELA,20150709,1800,  , TS,20.3N,146.2W,35,1004,90,0,0,30,0,0,0,0,0,0,0,0
EP042015,                ELA,20150710,0,  , TD,20.9N,147.0W,30,1005,0,0,0,0,0,0,0,0,0,0,0,0
EP042015,                ELA,20150710,600,  , TD,21.4N,147.9W,30,1006,0,0,0,0,0,0,0,0,0,0,0,0
EP042015,                ELA,20150710,1200,  , LO,21.7N,148.5W,30,1007,0,0,0,0,0,0,0,0,0,0,0,0
EP042015,                ELA,20150710,1800,  , LO,21.9N,149.1W,30,1008,0,0,0,0,0,0,0,0,0,0,0,0
EP042015,                ELA,20150711,0,  , LO,22.2N,149.9W,30,1009,0,0,0,0,0,0,0,0,0,0,0,0
EP042015,                ELA,20150711,600,  , LO,22.4N,150.6W,25,1010,0,0,0,0,0,0,0,0,0,0,0,0
EP042015,                ELA,20150711,1200,  , LO,22.6N,151.3W,25,1010,0,0,0,0,0,0,0,0,0,0,0,0
EP042015,                ELA,20150711,1800,  , LO,22.8N,152.3W,25,1011,0,0,0,0,0,0,0,0,0,0,0,0
EP042015,                ELA,20150712,0,  , LO,22.9N,153.4W,20,1012,0,0,0,0,0,0,0,0,0,0,0,0
EP042015,                ELA,20150712,600,  , LO,22.9N,154.6W,20,1013,0,0,0,0,0,0,0,0,0,0,0,0
EP042015,                ELA,20150712,1200,  , LO,22.7N,155.8W,20,1013,0,0,0,0,0,0,0,0,0,0,0,0
AL142013,            MELISSA,20131117,0,  , EX,23.9N,52.4W,35,1006,240,0,0,240,0,0,0,0,0,0,0,0
AL142013,            MELISSA,20131117,600,  , EX,24.3N,52.7W,35,1005,240,0,0,240,0,0,0,0,0,0,0,0
AL142013,            MELISSA,20131117,1200,  , EX,25.0N,52.9W,35,1005,240,0,0,240,0,0,0,0,0,0,0,0
AL142013,            MELISSA,20131117,1800,  , EX,26.0N,52.9W,40,1002,240,150,120,240,0,0,0,0,0,0,0,0
AL142013,            MELISSA,20131118,0,  , EX,27.1N,52.7W,45,997,240,150,120,240,0,0,0,0,0,0,0,0
AL142013,            MELISSA,20131118,600,  , EX,28.3N,52.7W,45,992,240,150,150,240,0,0,0,0,0,0,0,0
AL142013,            MELISSA,20131118,1200,  , SS,29.1N,53.4W,50,987,270,180,180,240,0,60,60,90,0,0,0,0
AL142013,            MELISSA,20131118,1800,  , SS,29.7N,54.0W,50,987,270,180,180,240,60,60,60,90,0,0,0,0
AL142013,            MELISSA,20131119,0,  , SS,30.2N,54.5W,50,985,270,180,180,240,90,60,60,90,0,0,0,0
AL142013,            MELISSA,20131119,600,  , SS,30.8N,54.7W,55,982,240,180,180,210,90,90,60,90,0,0,0,0
AL142013,            MELISSA,20131119,1200,  , SS,31.6N,54.7W,55,982,210,180,180,180,90,90,60,60,0,0,0,0
AL142013,            MELISSA,20131119,1800,  , SS,32.5N,54.4W,50,982,150,180,180,180,90,90,60,60,0,0,0,0
AL142013,            MELISSA,20131120,0,  , SS,33.3N,53.2W,45,985,100,180,180,150,0,0,0,0,0,0,0,0
AL142013,            MELISSA,20131120,600,  , TS,34.1N,51.4W,45,988,90,180,150,120,0,0,0,0,0,0,0,0
AL142013,            MELISSA,20131120,1200,  , TS,35.1N,49.0W,45,988,80,180,150,120,0,0,0,0,0,0,0,0
AL142013,            MELISSA,20131120,1800,  , TS,36.3N,46.4W,45,988,60,180,150,120,0,0,0,0,0,0,0,0
AL142013,            MELISSA,20131121,0,  , TS,37.5N,43.5W,45,984,60,210,150,120,0,0,0,0,0,0,0,0
AL142013,            MELISSA,20131121,600,  , TS,38.8N,40.0W,50,984,60,210,150,120,0,90,90,0,0,0,0,0
AL142013,            MELISSA,20131121,1200,  , TS,39.9N,36.6W,55,980,90,210,180,120,0,90,90,0,0,0,0,0
AL142013,            MELISSA,20131121,1800,  , TS,40.7N,33.3W,55,980,90,210,210,120,0,90,90,0,0,0,0,0
AL142013,            MELISSA,20131122,0,  , LO,41.3N,30.2W,50,984,60,210,210,0,0,90,90,0,0,0,0,0
AL142013,            MELISSA,20131122,600,  , LO,41.6N,27.5W,45,988,60,210,210,0,0,0,0,0,0,0,0,0
AL142013,            MELISSA,20131122,1200,  , EX,41.6N,24.7W,40,992,60,210,210,0,0,0,0,0,0,0,0,0
AL142013,            MELISSA,20131122,1800,  , EX,41.3N,22.0W,40,996,60,210,210,0,0,0,0,0,0,0,0,0
AL142013,            MELISSA,20131123,0,  , EX,40.8N,19.5W,35,1000,0,210,210,0,0,0,0,0,0,0,0,0
AL142013,            MELISSA,20131123,600,  , EX,40.0N,17.1W,35,1004,0,210,210,0,0,0,0,0,0,0,0,0
EP172015,              MARTY,20150926,1200,  , LO,12.7N,102.8W,25,1006,0,0,0,0,0,0,0,0,0,0,0,0
EP172015,              MARTY,20150926,1800,  , TD,13.1N,103.0W,30,1005,0,0,0,0,0,0,0,0,0,0,0,0
EP172015,              MARTY,20150927,0,  , TS,13.6N,103.1W,40,1003,60,70,0,20,0,0,0,0,0,0,0,0
EP172015,              MARTY,20150927,600,  , TS,14.1N,103.1W,45,1000,60,70,0,20,0,0,0,0,0,0,0,0
EP172015,              MARTY,20150927,1200,  , TS,14.6N,103.1W,50,997,60,70,20,30,20,20,0,0,0,0,0,0
EP172015,              MARTY,20150927,1800,  , TS,15.0N,103.1W,50,997,70,70,20,50,20,20,0,20,0,0,0,0
EP172015,              MARTY,20150928,0,  , TS,15.4N,103.2W,55,994,80,70,20,70,30,20,0,20,0,0,0,0
EP172015,              MARTY,20150928,600,  , TS,15.8N,103.2W,60,991,80,70,20,70,30,20,0,20,0,0,0,0
EP172015,              MARTY,20150928,1200,  , HU,16.3N,103.0W,65,989,80,70,30,70,40,20,0,20,15,15,0,0
EP172015,              MARTY,20150928,1800,  , HU,16.6N,102.4W,70,987,80,60,40,70,40,20,20,30,15,15,10,10
EP172015,              MARTY,20150929,0,  , HU,16.5N,102.1W,65,988,70,60,40,70,40,30,20,30,15,15,15,10
EP172015,              MARTY,20150929,600,  , TS,16.3N,101.9W,60,991,70,70,40,70,40,30,20,30,0,0,0,0
EP172015,              MARTY,20150929,1200,  , TS,16.2N,101.6W,55,994,70,70,40,70,40,30,20,30,0,0,0,0
EP172015,              MARTY,20150929,1800,  , TS,16.2N,101.2W,45,1000,70,70,40,70,0,0,0,0,0,0,0,0
EP172015,              MARTY,20150930,0,  , TS,16.1N,101.3W,40,1002,70,70,30,70,0,0,0,0,0,0,0,0
EP172015,              MARTY,20150930,600,  , LO,16.1N,101.7W,35,1003,60,60,20,60,0,0,0,0,0,0,0,0
EP172015,              MARTY,20150930,1200,  , LO,16.2N,102.2W,30,1004,0,0,0,0,0,0,0,0,0,0,0,0
EP172015,              MARTY,20150930,1800,  , LO,16.4N,102.7W,30,1005,0,0,0,0,0,0,0,0,0,0,0,0
AL022015,               BILL,20150616,0,  , TS,27.0N,94.3W,45,1005,140,130,0,0,0,0,0,0,0,0,0,0
AL022015,               BILL,20150616,600,  , TS,27.6N,95.2W,45,1001,130,130,0,0,0,0,0,0,0,0,0,0
AL022015,               BILL,20150616,1200,  , TS,28.0N,96.0W,50,997,130,130,0,30,20,20,0,0,0,0,0,0
AL022015,               BILL,20150616,1645, L, TS,28.2N,96.7W,50,997,130,130,0,30,20,20,0,0,0,0,0,0
AL022015,               BILL,20150616,1800,  , TS,28.2N,96.7W,50,997,130,130,0,30,20,20,0,0,0,0,0,0
AL022015,               BILL,20150617,0,  , TS,29.1N,96.9W,40,998,0,130,0,0,0,0,0,0,0,0,0,0
AL022015,               BILL,20150617,600,  , TD,30.3N,97.1W,30,999,0,0,0,0,0,0,0,0,0,0,0,0
AL022015,               BILL,20150617,1200,  , TD,31.7N,97.4W,30,999,0,0,0,0,0,0,0,0,0,0,0,0
AL022015,               BILL,20150617,1800,  , TD,32.6N,97.5W,25,999,0,0,0,0,0,0,0,0,0,0,0,0
AL022015,               BILL,20150618,0,  , TD,33.5N,97.3W,25,1000,0,0,0,0,0,0,0,0,0,0,0,0
AL022015,               BILL,20150618,600,  , TD,34.2N,96.9W,25,1002,0,0,0,0,0,0,0,0,0,0,0,0
AL022015,               BILL,20150618,1200,  , TD,34.8N,96.3W,20,1003,0,0,0,0,0,0,0,0,0,0,0,0
AL022015,               BILL,20150618,1800,  , LO,35.2N,95.5W,15,1004,0,0,0,0,0,0,0,0,0,0,0,0
AL022015,               BILL,20150619,0,  , LO,35.6N,94.5W,15,1005,0,0,0,0,0,0,0,0,0,0,0,0
AL022015,               BILL,20150619,600,  , LO,35.9N,93.5W,15,1006,0,0,0,0,0,0,0,0,0,0,0,0
AL022015,               BILL,20150619,1200,  , LO,36.3N,92.3W,15,1006,0,0,0,0,0,0,0,0,0,0,0,0
AL022015,               BILL,20150619,1800,  , LO,36.9N,90.9W,20,1005,0,0,0,0,0,0,0,0,0,0,0,0
AL022015,               BILL,20150620,0,  , LO,37.4N,89.4W,20,1004,0,0,0,0,0,0,0,0,0,0,0,0
AL022015,               BILL,20150620,600,  , LO,37.8N,87.8W,15,1002,0,0,0,0,0,0,0,0,0,0,0,0
AL022015,               BILL,20150620,1200,  , LO,38.2N,85.8W,15,1001,0,0,0,0,0,0,0,0,0,0,0,0
AL022015,               BILL,20150620,1800,  , LO,38.5N,83.7W,15,1003,0,0,0,0,0,0,0,0,0,0,0,0
AL022015,               BILL,20150621,0,  , LO,38.9N,81.3W,15,1006,0,0,0,0,0,0,0,0,0,0,0,0
CP022014,                ANA,20141013,600,  , LO,11.8N,140.9W,25,1008,0,0,0,0,0,0,0,0,0,0,0,0
CP022014,                ANA,20141013,1200,  , LO,12.2N,141.9W,25,1008,0,0,0,0,0,0,0,0,0,0,0,0
CP022014,                ANA,20141013,1800,  , TD,12.3N,142.2W,30,1007,0,0,0,0,0,0,0,0,0,0,0,0
CP022014,                ANA,20141014,0,  , TS,12.7N,142.3W,35,1005,10,10,20,20,0,0,0,0,0,0,0,0
CP022014,                ANA,20141014,600,  , TS,13.0N,142.7W,40,1003,20,20,20,20,0,0,0,0,0,0,0,0
CP022014,                ANA,20141014,1200,  , TS,13.5N,143.3W,45,1000,30,30,20,30,0,0,0,0,0,0,0,0
CP022014,                ANA,20141014,1800,  , TS,13.8N,143.9W,55,996,50,40,40,50,20,10,10,20,0,0,0,0
CP022014,                ANA,20141015,0,  , TS,14.0N,144.6W,55,996,50,40,20,40,20,20,0,20,0,0,0,0
CP022014,                ANA,20141015,600,  , TS,14.1N,145.3W,60,994,60,45,35,55,25,20,20,25,0,0,0,0
CP022014,                ANA,20141015,1200,  , TS,14.2N,146.1W,60,994,55,50,40,55,25,25,20,25,0,0,0,0
CP022014,                ANA,20141015,1800,  , TS,14.3N,147.0W,60,994,55,50,40,55,25,25,20,25,0,0,0,0
CP022014,                ANA,20141016,0,  , TS,14.1N,148.0W,55,998,55,50,40,55,25,25,20,25,0,0,0,0
CP022014,                ANA,20141016,600,  , TS,14.0N,148.9W,50,1000,50,50,40,50,20,20,10,20,0,0,0,0
CP022014,                ANA,20141016,1200,  , TS,14.0N,149.7W,50,1000,50,50,40,50,20,20,10,20,0,0,0,0
CP022014,                ANA,20141016,1800,  , TS,14.1N,150.5W,50,1000,50,50,40,50,20,20,10,20,0,0,0,0
CP022014,                ANA,20141017,0,  , TS,14.4N,151.4W,50,1000,50,50,40,50,20,20,10,20,0,0,0,0
CP022014,                ANA,20141017,600,  , TS,14.9N,152.5W,55,998,60,60,30,40,20,20,10,10,0,0,0,0
CP022014,                ANA,20141017,1200,  , TS,15.4N,153.7W,60,992,70,60,30,50,25,20,10,25,0,0,0,0
CP022014,                ANA,20141017,1800,  , HU,16.0N,154.8W,65,990,80,60,30,80,30,20,10,30,20,10,0,20
CP022014,                ANA,20141018,0,  , HU,16.6N,156.2W,70,989,80,60,30,90,45,30,20,45,20,0,0,20
CP022014,                ANA,20141018,600,  , HU,17.5N,157.0W,75,985,80,60,40,100,40,20,10,40,20,10,0,20
CP022014,                ANA,20141018,1200,  , HU,18.2N,157.7W,70,986,90,90,40,80,30,30,10,20,20,20,0,10
CP022014,                ANA,20141018,1800,  , HU,19.0N,158.5W,70,988,90,60,40,90,40,20,10,40,20,15,0,20
CP022014,                ANA,20141019,0,  , HU,19.6N,158.9W,70,989,90,60,40,60,45,20,10,30,15,10,0,20
CP022014,                ANA,20141019,600,  , HU,20.1N,159.2W,70,989,90,60,40,70,45,20,10,30,20,10,0,20
CP022014,                ANA,20141019,1200,  , HU,20.6N,159.6W,70,989,90,60,40,70,40,20,20,30,20,10,0,20
CP022014,                ANA,20141019,1800,  , HU,20.7N,160.2W,65,992,90,60,40,70,40,20,20,30,10,0,0,10
CP022014,                ANA,20141020,0,  , TS,20.7N,160.9W,60,994,90,60,40,70,40,20,20,30,0,0,0,0
CP022014,                ANA,20141020,600,  , TS,20.7N,161.8W,60,995,90,60,40,70,40,20,20,30,0,0,0,0
CP022014,                ANA,20141020,1200,  , TS,20.7N,162.7W,60,995,90,60,30,80,40,20,20,30,0,0,0,0
CP022014,                ANA,20141020,1800,  , TS,20.6N,163.4W,55,996,90,60,30,80,40,20,20,30,0,0,0,0
CP022014,                ANA,20141021,0,  , TS,20.5N,164.0W,50,997,100,60,30,90,30,10,10,20,0,0,0,0
CP022014,                ANA,20141021,600,  , TS,20.8N,164.4W,45,999,80,50,25,70,0,0,0,0,0,0,0,0
CP022014,                ANA,20141021,1200,  , TS,20.8N,165.4W,40,1002,80,50,25,70,0,0,0,0,0,0,0,0
CP022014,                ANA,20141021,1800,  , TS,20.9N,165.7W,35,1005,90,70,20,60,0,0,0,0,0,0,0,0
CP022014,                ANA,20141022,0,  , TS,21.6N,166.1W,35,1005,110,90,0,100,0,0,0,0,0,0,0,0
CP022014,                ANA,20141022,600,  , TS,22.0N,166.8W,35,1005,110,90,0,100,0,0,0,0,0,0,0,0
CP022014,                ANA,20141022,1200,  , TS,22.6N,167.1W,35,1005,110,90,0,110,0,0,0,0,0,0,0,0
CP022014,                ANA,20141022,1800,  , TS,23.4N,167.3W,35,1005,130,90,0,110,0,0,0,0,0,0,0,0
CP022014,                ANA,20141023,0,  , TS,24.4N,167.7W,35,1005,130,90,0,110,0,0,0,0,0,0,0,0
CP022014,                ANA,20141023,600,  , TS,25.5N,168.2W,40,1002,130,90,0,110,0,0,0,0,0,0,0,0
CP022014,                ANA,20141023,1200,  , TS,26.3N,169.1W,45,998,120,90,10,100,0,0,0,0,0,0,0,0
CP022014,                ANA,20141023,1800,  , TS,26.7N,169.5W,45,999,120,100,20,100,0,0,0,0,0,0,0,0
CP022014,                ANA,20141024,0,  , TS,27.1N,169.9W,45,1000,80,50,30,50,0,0,0,0,0,0,0,0
CP022014,                ANA,20141024,600,  , TS,27.6N,170.2W,45,1000,80,60,30,50,0,0,0,0,0,0,0,0
CP022014,                ANA,20141024,1200,  , TS,28.2N,169.9W,50,999,85,75,30,55,20,20,0,0,0,0,0,0
CP022014,                ANA,20141024,1800,  , TS,28.9N,169.6W,55,996,90,80,30,50,20,20,0,0,0,0,0,0
CP022014,                ANA,20141025,0,  , HU,30.2N,168.5W,65,988,90,90,60,40,40,40,30,20,20,20,20,0
CP022014,                ANA,20141025,600,  , HU,31.7N,166.8W,65,987,100,100,70,45,45,45,35,20,20,20,20,0
CP022014,                ANA,20141025,1200,  , HU,33.4N,164.6W,65,987,100,120,90,45,45,50,40,20,20,25,20,0
CP022014,                ANA,20141025,1800,  , HU,35.0N,162.5W,65,987,100,120,90,45,45,50,40,20,20,25,20,0
CP022014,                ANA,20141026,0,  , TS,37.0N,159.1W,60,986,110,130,100,45,45,50,40,0,0,0,0,0
CP022014,                ANA,20141026,600,  , TS,39.1N,154.9W,55,989,180,210,150,30,30,110,60,0,0,0,0,0
CP022014,                ANA,20141026,1200,  , EX,41.2N,150.2W,50,992,180,270,150,30,30,150,0,0,0,0,0,0
EP022014,              BORIS,20140601,1200,  , LO,11.7N,93.5W,20,1007,0,0,0,0,0,0,0,0,0,0,0,0
EP022014,              BORIS,20140601,1800,  , LO,11.9N,93.4W,20,1006,0,0,0,0,0,0,0,0,0,0,0,0
EP022014,              BORIS,20140602,0,  , LO,12.1N,93.4W,25,1005,0,0,0,0,0,0,0,0,0,0,0,0
EP022014,              BORIS,20140602,600,  , LO,12.4N,93.5W,25,1004,0,0,0,0,0,0,0,0,0,0,0,0
EP022014,              BORIS,20140602,1200,  , LO,12.8N,93.8W,25,1002,0,0,0,0,0,0,0,0,0,0,0,0
EP022014,              BORIS,20140602,1800,  , TD,13.2N,94.1W,25,1001,0,0,0,0,0,0,0,0,0,0,0,0
EP022014,              BORIS,20140603,0,  , TD,13.6N,94.2W,30,1001,0,0,0,0,0,0,0,0,0,0,0,0
EP022014,              BORIS,20140603,600,  , TD,14.0N,94.2W,30,1000,0,0,0,0,0,0,0,0,0,0,0,0
EP022014,              BORIS,20140603,1200,  , TS,14.4N,94.2W,35,999,80,0,0,0,0,0,0,0,0,0,0,0
EP022014,              BORIS,20140603,1800,  , TS,14.9N,94.1W,40,998,80,0,0,0,0,0,0,0,0,0,0,0
EP022014,              BORIS,20140604,0,  , TS,15.3N,94.0W,35,1000,60,0,0,0,0,0,0,0,0,0,0,0
EP022014,              BORIS,20140604,600,  , TD,15.6N,94.0W,30,1002,0,0,0,0,0,0,0,0,0,0,0,0
EP022014,              BORIS,20140604,1200,  , TD,15.8N,94.1W,25,1004,0,0,0,0,0,0,0,0,0,0,0,0
EP022014,              BORIS,20140604,1800,  , LO,15.9N,94.3W,20,1006,0,0,0,0,0,0,0,0,0,0,0,0
EP042014,            DOUGLAS,20140628,1800,  , TD,14.2N,105.5W,30,1006,0,0,0,0,0,0,0,0,0,0,0,0
EP042014,            DOUGLAS,20140629,0,  , TD,14.7N,106.9W,30,1006,0,0,0,0,0,0,0,0,0,0,0,0
EP042014,            DOUGLAS,20140629,600,  , TD,15.3N,108.3W,30,1006,0,0,0,0,0,0,0,0,0,0,0,0
EP042014,            DOUGLAS,20140629,1200,  , TD,15.8N,109.8W,30,1005,0,0,0,0,0,0,0,0,0,0,0,0
EP042014,            DOUGLAS,20140629,1800,  , TD,16.0N,111.1W,30,1005,0,0,0,0,0,0,0,0,0,0,0,0
EP042014,            DOUGLAS,20140630,0,  , TS,16.3N,112.2W,35,1003,0,150,0,0,0,0,0,0,0,0,0,0
EP042014,            DOUGLAS,20140630,600,  , TS,16.7N,113.0W,35,1003,0,150,0,0,0,0,0,0,0,0,0,0
EP042014,            DOUGLAS,20140630,1200,  , TS,17.2N,113.7W,35,1003,0,120,0,0,0,0,0,0,0,0,0,0
EP042014,            DOUGLAS,20140630,1800,  , TS,17.7N,114.2W,35,1003,50,100,0,0,0,0,0,0,0,0,0,0
EP042014,            DOUGLAS,20140701,0,  , TS,18.2N,114.7W,40,1001,50,90,60,0,0,0,0,0,0,0,0,0
EP042014,            DOUGLAS,20140701,600,  , TS,18.6N,115.1W,40,1001,50,90,60,0,0,0,0,0,0,0,0,0
EP042014,            DOUGLAS,20140701,1200,  , TS,18.9N,115.5W,40,1001,50,90,60,40,0,0,0,0,0,0,0,0
EP042014,            DOUGLAS,20140701,1800,  , TS,19.1N,115.7W,45,999,50,90,60,50,0,0,0,0,0,0,0,0
EP042014,            DOUGLAS,20140702,0,  , TS,19.3N,115.8W,45,1000,50,80,60,50,0,0,0,0,0,0,0,0
EP042014,            DOUGLAS,20140702,600,  , TS,19.5N,115.9W,40,1001,50,50,30,50,0,0,0,0,0,0,0,0
EP042014,            DOUGLAS,20140702,1200,  , TS,19.7N,116.0W,40,1002,50,50,30,50,0,0,0,0,0,0,0,0
EP042014,            DOUGLAS,20140702,1800,  , TS,19.9N,116.1W,40,1002,70,40,0,60,0,0,0,0,0,0,0,0
EP042014,            DOUGLAS,20140703,0,  , TS,20.0N,116.2W,35,1004,70,40,0,60,0,0,0,0,0,0,0,0
EP042014,            DOUGLAS,20140703,600,  , TS,20.1N,116.3W,35,1004,70,40,0,50,0,0,0,0,0,0,0,0
EP042014,            DOUGLAS,20140703,1200,  , TS,20.2N,116.4W,35,1004,70,40,0,50,0,0,0,0,0,0,0,0
EP042014,            DOUGLAS,20140703,1800,  , TS,20.4N,116.6W,35,1006,50,30,0,50,0,0,0,0,0,0,0,0
EP042014,            DOUGLAS,20140704,0,  , TS,20.7N,116.9W,35,1006,50,30,0,50,0,0,0,0,0,0,0,0
EP042014,            DOUGLAS,20140704,600,  , TS,21.1N,117.3W,35,1006,50,30,0,50,0,0,0,0,0,0,0,0
EP042014,            DOUGLAS,20140704,1200,  , TS,21.4N,117.8W,35,1006,50,30,0,50,0,0,0,0,0,0,0,0
EP042014,            DOUGLAS,20140704,1800,  , TS,21.7N,118.3W,35,1006,50,0,0,50,0,0,0,0,0,0,0,0
EP042014,            DOUGLAS,20140705,0,  , TS,22.2N,118.8W,35,1006,50,0,0,50,0,0,0,0,0,0,0,0
EP042014,            DOUGLAS,20140705,600,  , LO,22.8N,119.3W,30,1008,0,0,0,0,0,0,0,0,0,0,0,0
EP042014,            DOUGLAS,20140705,1200,  , LO,23.4N,119.8W,30,1008,0,0,0,0,0,0,0,0,0,0,0,0
EP042014,            DOUGLAS,20140705,1800,  , LO,24.2N,120.6W,25,1008,0,0,0,0,0,0,0,0,0,0,0,0
EP042014,            DOUGLAS,20140706,0,  , LO,24.8N,121.5W,25,1008,0,0,0,0,0,0,0,0,0,0,0,0
EP042014,            DOUGLAS,20140706,600,  , LO,25.3N,122.2W,25,1008,0,0,0,0,0,0,0,0,0,0,0,0
EP042014,            DOUGLAS,20140706,1200,  , LO,25.8N,122.8W,25,1008,0,0,0,0,0,0,0,0,0,0,0,0
EP042014,            DOUGLAS,20140706,1800,  , LO,26.2N,123.5W,25,1008,0,0,0,0,0,0,0,0,0,0,0,0
EP042014,            DOUGLAS,20140707,0,  , LO,26.5N,124.1W,25,1008,0,0,0,0,0,0,0,0,0,0,0,0
EP042014,            DOUGLAS,20140707,600,  , LO,26.7N,124.6W,20,1009,0,0,0,0,0,0,0,0,0,0,0,0
EP042014,            DOUGLAS,20140707,1200,  , LO,26.8N,125.0W,20,1009,0,0,0,0,0,0,0,0,0,0,0,0
EP042014,            DOUGLAS,20140707,1800,  , LO,26.9N,125.4W,20,1009,0,0,0,0,0,0,0,0,0,0,0,0
EP042014,            DOUGLAS,20140708,0,  , LO,26.9N,125.8W,20,1009,0,0,0,0,0,0,0,0,0,0,0,0
EP042014,            DOUGLAS,20140708,600,  , LO,26.9N,126.1W,20,1009,0,0,0,0,0,0,0,0,0,0,0,0
EP042014,            DOUGLAS,20140708,1200,  , LO,26.9N,126.3W,20,1009,0,0,0,0,0,0,0,0,0,0,0,0
EP042014,            DOUGLAS,20140708,1800,  , LO,26.9N,126.5W,20,1009,0,0,0,0,0,0,0,0,0,0,0,0
EP042014,            DOUGLAS,20140709,0,  , LO,26.9N,126.6W,15,1009,0,0,0,0,0,0,0,0,0,0,0,0
AL012014,             ARTHUR,20140629,0,  , LO,31.2N,77.8W,20,1017,0,0,0,0,0,0,0,0,0,0,0,0
AL012014,             ARTHUR,20140629,600,  , LO,30.5N,77.4W,20,1017,0,0,0,0,0,0,0,0,0,0,0,0
AL012014,             ARTHUR,20140629,1200,  , LO,30.0N,77.2W,20,1016,0,0,0,0,0,0,0,0,0,0,0,0
AL012014,             ARTHUR,20140629,1800,  , LO,29.7N,77.2W,25,1015,0,0,0,0,0,0,0,0,0,0,0,0
AL012014,             ARTHUR,20140630,0,  , LO,29.5N,77.5W,25,1014,0,0,0,0,0,0,0,0,0,0,0,0
AL012014,             ARTHUR,20140630,600,  , LO,29.2N,78.0W,25,1013,0,0,0,0,0,0,0,0,0,0,0,0
AL012014,             ARTHUR,20140630,1200,  , LO,28.7N,78.4W,25,1011,0,0,0,0,0,0,0,0,0,0,0,0
AL012014,             ARTHUR,20140630,1800,  , LO,28.1N,78.7W,30,1010,0,0,0,0,0,0,0,0,0,0,0,0
AL012014,             ARTHUR,20140701,0,  , TD,27.7N,78.9W,30,1008,0,0,0,0,0,0,0,0,0,0,0,0
AL012014,             ARTHUR,20140701,600,  , TD,27.5N,79.1W,30,1007,0,0,0,0,0,0,0,0,0,0,0,0
AL012014,             ARTHUR,20140701,1200,  , TS,27.5N,79.2W,35,1005,0,40,40,0,0,0,0,0,0,0,0,0
AL012014,             ARTHUR,20140701,1800,  , TS,27.7N,79.3W,40,1003,40,60,50,40,0,0,0,0,0,0,0,0
AL012014,             ARTHUR,20140702,0,  , TS,27.9N,79.2W,45,999,60,70,50,40,0,0,0,0,0,0,0,0
AL012014,             ARTHUR,20140702,600,  , TS,28.2N,79.1W,50,995,60,70,50,40,30,30,0,0,0,0,0,0
AL012014,             ARTHUR,20140702,1200,  , TS,28.7N,79.0W,55,995,60,70,50,40,30,30,0,0,0,0,0,0
AL012014,             ARTHUR,20140702,1800,  , TS,29.4N,79.1W,60,994,70,70,60,50,30,30,0,30,0,0,0,0
AL012014,             ARTHUR,20140703,0,  , HU,30.1N,79.2W,65,987,70,80,60,50,30,30,20,30,15,15,0,0
AL012014,             ARTHUR,20140703,600,  , HU,30.9N,79.1W,70,984,70,80,60,50,30,30,20,30,15,15,0,0
AL012014,             ARTHUR,20140703,1200,  , HU,31.8N,78.8W,80,981,100,100,60,50,40,50,20,30,20,20,0,0
AL012014,             ARTHUR,20140703,1800,  , HU,32.9N,78.3W,80,978,110,130,80,60,50,60,20,30,30,30,0,20
AL012014,             ARTHUR,20140704,0,  , HU,34.0N,77.3W,85,975,110,130,80,60,50,80,50,30,30,35,30,20
AL012014,             ARTHUR,20140704,315, L, HU,34.7N,76.6W,85,973,110,130,80,60,50,80,50,30,30,35,30,20
AL012014,             ARTHUR,20140704,600,  , HU,35.3N,76.0W,85,972,100,110,90,40,50,80,50,30,30,35,30,20
AL012014,             ARTHUR,20140704,800, L, HU,35.8N,75.5W,85,973,100,110,90,40,50,80,50,30,30,35,30,20
AL012014,             ARTHUR,20140704,1200,  , HU,36.8N,74.4W,80,976,100,110,90,60,60,80,40,30,25,35,20,20
AL012014,             ARTHUR,20140704,1800,  , HU,38.4N,72.4W,70,978,120,140,100,70,60,90,40,30,20,60,20,10
AL012014,             ARTHUR,20140705,0,  , HU,40.2N,69.7W,65,976,120,140,100,70,60,100,70,40,45,60,45,0
AL012014,             ARTHUR,20140705,600,  , TS,42.3N,67.6W,60,981,120,140,100,70,50,100,70,40,0,0,0,0
AL012014,             ARTHUR,20140705,1200,  , EX,44.1N,66.5W,60,982,140,180,140,70,0,60,90,0,0,0,0,0
AL012014,             ARTHUR,20140705,1800,  , EX,45.9N,65.3W,55,980,210,180,220,100,0,0,90,0,0,0,0,0
AL012014,             ARTHUR,20140706,0,  , EX,47.1N,64.0W,50,981,90,110,180,180,0,0,90,0,0,0,0,0
AL012014,             ARTHUR,20140706,600,  , EX,47.6N,62.4W,45,982,90,200,0,0,0,0,0,0,0,0,0,0
AL012014,             ARTHUR,20140706,1200,  , EX,48.5N,60.2W,40,986,0,150,0,0,0,0,0,0,0,0,0,0
AL012014,             ARTHUR,20140706,1800,  , EX,50.3N,58.1W,35,989,0,180,0,0,0,0,0,0,0,0,0,0
AL012014,             ARTHUR,20140707,0,  , EX,52.3N,56.4W,35,988,0,240,0,0,0,0,0,0,0,0,0,0
AL012014,             ARTHUR,20140707,600,  , EX,54.2N,55.4W,35,985,0,240,0,0,0,0,0,0,0,0,0,0
AL012014,             ARTHUR,20140707,1200,  , EX,56.0N,54.7W,35,984,320,240,0,0,0,0,0,0,0,0,0,0
AL012014,             ARTHUR,20140707,1800,  , EX,57.3N,54.2W,40,985,320,240,160,0,0,0,0,0,0,0,0,0
AL012014,             ARTHUR,20140708,0,  , EX,58.1N,54.1W,45,988,320,200,150,0,0,0,0,0,0,0,0,0
AL012014,             ARTHUR,20140708,600,  , EX,58.9N,54.7W,40,991,320,180,120,0,0,0,0,0,0,0,0,0
AL012014,             ARTHUR,20140708,1200,  , EX,59.4N,56.1W,35,993,320,0,0,0,0,0,0,0,0,0,0,0
AL012014,             ARTHUR,20140708,1800,  , EX,60.0N,57.0W,30,995,0,0,0,0,0,0,0,0,0,0,0,0
AL012014,             ARTHUR,20140709,0,  , EX,60.3N,56.7W,30,997,0,0,0,0,0,0,0,0,0,0,0,0
AL012014,             ARTHUR,20140709,600,  , EX,60.1N,56.2W,25,1001,0,0,0,0,0,0,0,0,0,0,0,0
AL012014,             ARTHUR,20140709,1200,  , EX,59.8N,55.7W,25,1005,0,0,0,0,0,0,0,0,0,0,0,0
AL012014,             ARTHUR,20140709,1800,  , EX,59.5N,55.0W,25,1008,0,0,0,0,0,0,0,0,0,0,0,0
AL052014,              DOLLY,20140901,1200,  , LO,19.2N,92.3W,25,1009,0,0,0,0,0,0,0,0,0,0,0,0
AL052014,              DOLLY,20140901,1800,  , TD,20.0N,93.2W,30,1009,0,0,0,0,0,0,0,0,0,0,0,0
AL052014,              DOLLY,20140902,0,  , TS,21.3N,93.4W,35,1007,50,70,0,0,0,0,0,0,0,0,0,0
AL052014,              DOLLY,20140902,600,  , TS,22.3N,94.3W,40,1005,70,100,0,0,0,0,0,0,0,0,0,0
AL052014,              DOLLY,20140902,1200,  , TS,22.8N,95.6W,45,1005,70,100,0,0,0,0,0,0,0,0,0,0
AL052014,              DOLLY,20140902,1800,  , TS,22.2N,96.7W,40,1003,120,100,0,0,0,0,0,0,0,0,0,0
AL052014,              DOLLY,20140903,0,  , TS,22.0N,97.3W,40,1001,120,100,0,0,0,0,0,0,0,0,0,0
AL052014,              DOLLY,20140903,100, P, TS,22.0N,97.4W,40,1000,120,100,0,0,0,0,0,0,0,0,0,0
AL052014,              DOLLY,20140903,400, L, TS,22.0N,97.7W,40,1002,120,100,0,0,0,0,0,0,0,0,0,0
AL052014,              DOLLY,20140903,600,  , TS,21.9N,98.0W,35,1004,120,0,0,0,0,0,0,0,0,0,0,0
AL052014,              DOLLY,20140903,1200,  , LO,21.8N,98.8W,25,1005,0,0,0,0,0,0,0,0,0,0,0,0
AL052014,              DOLLY,20140903,1800,  , LO,21.7N,99.8W,20,1005,0,0,0,0,0,0,0,0,0,0,0,0
AL052014,              DOLLY,20140904,0,  , LO,21.6N,101.0W,15,1002,0,0,0,0,0,0,0,0,0,0,0,0
EP072014,          GENEVIEVE,20140722,1800,  , LO,10.4N,121.4W,25,1008,0,0,0,0,0,0,0,0,0,0,0,0
EP072014,          GENEVIEVE,20140723,0,  , LO,10.6N,122.8W,25,1008,0,0,0,0,0,0,0,0,0,0,0,0
EP072014,          GENEVIEVE,20140723,600,  , LO,10.8N,124.2W,25,1008,0,0,0,0,0,0,0,0,0,0,0,0
EP072014,          GENEVIEVE,20140723,1200,  , LO,11.1N,125.6W,25,1008,0,0,0,0,0,0,0,0,0,0,0,0
EP072014,          GENEVIEVE,20140723,1800,  , LO,11.4N,127.0W,25,1008,0,0,0,0,0,0,0,0,0,0,0,0
EP072014,          GENEVIEVE,20140724,0,  , LO,11.6N,128.0W,30,1007,0,0,0,0,0,0,0,0,0,0,0,0
EP072014,          GENEVIEVE,20140724,600,  , LO,11.8N,129.2W,30,1007,0,0,0,0,0,0,0,0,0,0,0,0
EP072014,          GENEVIEVE,20140724,1200,  , LO,12.0N,130.6W,30,1007,0,0,0,0,0,0,0,0,0,0,0,0
EP072014,          GENEVIEVE,20140724,1800,  , LO,12.2N,132.1W,30,1007,0,0,0,0,0,0,0,0,0,0,0,0
EP072014,          GENEVIEVE,20140725,0,  , TD,12.2N,133.1W,30,1007,0,0,0,0,0,0,0,0,0,0,0,0
EP072014,          GENEVIEVE,20140725,600,  , TS,12.2N,134.0W,35,1006,40,50,0,30,0,0,0,0,0,0,0,0
EP072014,          GENEVIEVE,20140725,1200,  , TS,12.2N,135.0W,40,1004,40,50,0,30,0,0,0,0,0,0,0,0
EP072014,          GENEVIEVE,20140725,1800,  , TS,12.1N,135.7W,40,1004,40,50,0,30,0,0,0,0,0,0,0,0
EP072014,          GENEVIEVE,20140726,0,  , TS,12.1N,135.9W,40,1004,40,40,0,0,0,0,0,0,0,0,0,0
EP072014,          GENEVIEVE,20140726,600,  , TS,12.2N,136.3W,35,1005,40,40,0,0,0,0,0,0,0,0,0,0
EP072014,          GENEVIEVE,20140726,1200,  , TD,12.3N,136.8W,30,1006,0,0,0,0,0,0,0,0,0,0,0,0
EP072014,          GENEVIEVE,20140726,1800,  , TD,12.4N,137.6W,30,1006,0,0,0,0,0,0,0,0,0,0,0,0
EP072014,          GENEVIEVE,20140727,0,  , TD,12.5N,138.7W,30,1006,0,0,0,0,0,0,0,0,0,0,0,0
EP072014,          GENEVIEVE,20140727,600,  , TD,12.4N,139.7W,30,1006,0,0,0,0,0,0,0,0,0,0,0,0
EP072014,          GENEVIEVE,20140727,1200,  , TD,12.4N,140.9W,30,1006,0,0,0,0,0,0,0,0,0,0,0,0
EP072014,          GENEVIEVE,20140727,1800,  , TD,12.4N,142.2W,30,1007,0,0,0,0,0,0,0,0,0,0,0,0
EP072014,          GENEVIEVE,20140728,0,  , LO,12.5N,143.5W,25,1008,0,0,0,0,0,0,0,0,0,0,0,0
EP072014,          GENEVIEVE,20140728,600,  , LO,12.6N,144.6W,25,1008,0,0,0,0,0,0,0,0,0,0,0,0
EP072014,          GENEVIEVE,20140728,1200,  , LO,12.6N,145.5W,25,1009,0,0,0,0,0,0,0,0,0,0,0,0
EP072014,          GENEVIEVE,20140728,1800,  , LO,12.7N,146.1W,25,1010,0,0,0,0,0,0,0,0,0,0,0,0
EP072014,          GENEVIEVE,20140729,0,  , LO,12.8N,146.5W,25,1011,0,0,0,0,0,0,0,0,0,0,0,0
EP072014,          GENEVIEVE,20140729,600,  , LO,12.9N,146.9W,25,1010,0,0,0,0,0,0,0,0,0,0,0,0
EP072014,          GENEVIEVE,20140729,1200,  , LO,12.9N,147.4W,25,1009,0,0,0,0,0,0,0,0,0,0,0,0
EP072014,          GENEVIEVE,20140729,1800,  , TD,12.9N,147.8W,30,1007,0,0,0,0,0,0,0,0,0,0,0,0
EP072014,          GENEVIEVE,20140730,0,  , TD,12.9N,148.2W,30,1007,0,0,0,0,0,0,0,0,0,0,0,0
EP072014,          GENEVIEVE,20140730,600,  , TD,12.8N,148.6W,30,1006,0,0,0,0,0,0,0,0,0,0,0,0
EP072014,          GENEVIEVE,20140730,1200,  , TS,12.7N,148.9W,35,1005,40,10,20,60,0,0,0,0,0,0,0,0
EP072014,          GENEVIEVE,20140730,1800,  , TS,12.6N,149.3W,35,1005,40,10,20,60,0,0,0,0,0,0,0,0
EP072014,          GENEVIEVE,20140731,0,  , TD,12.6N,149.7W,30,1007,0,0,0,0,0,0,0,0,0,0,0,0
EP072014,          GENEVIEVE,20140731,600,  , TD,12.7N,150.0W,30,1008,0,0,0,0,0,0,0,0,0,0,0,0
EP072014,          GENEVIEVE,20140731,1200,  , TD,12.8N,150.3W,30,1008,0,0,0,0,0,0,0,0,0,0,0,0
EP072014,          GENEVIEVE,20140731,1800,  , TD,12.8N,150.8W,30,1008,0,0,0,0,0,0,0,0,0,0,0,0
EP072014,          GENEVIEVE,20140801,0,  , LO,12.8N,151.3W,25,1009,0,0,0,0,0,0,0,0,0,0,0,0
EP072014,          GENEVIEVE,20140801,600,  , LO,12.8N,151.8W,25,1009,0,0,0,0,0,0,0,0,0,0,0,0
EP072014,          GENEVIEVE,20140801,1200,  , LO,12.8N,152.4W,25,1009,0,0,0,0,0,0,0,0,0,0,0,0
EP072014,          GENEVIEVE,20140801,1800,  , LO,12.6N,153.0W,25,1009,0,0,0,0,0,0,0,0,0,0,0,0
EP072014,          GENEVIEVE,20140802,0,  , LO,12.4N,153.6W,25,1009,0,0,0,0,0,0,0,0,0,0,0,0
EP072014,          GENEVIEVE,20140802,600,  , TD,12.0N,154.4W,30,1008,0,0,0,0,0,0,0,0,0,0,0,0
EP072014,          GENEVIEVE,20140802,1200,  , TS,11.5N,155.6W,35,1006,60,30,30,60,0,0,0,0,0,0,0,0
EP072014,          GENEVIEVE,20140802,1800,  , TS,10.7N,156.8W,35,1005,60,30,30,60,0,0,0,0,0,0,0,0
EP072014,          GENEVIEVE,20140803,0,  , TD,10.2N,157.8W,30,1007,0,0,0,0,0,0,0,0,0,0,0,0
EP072014,          GENEVIEVE,20140803,600,  , TD,9.8N,158.8W,30,1007,0,0,0,0,0,0,0,0,0,0,0,0
EP072014,          GENEVIEVE,20140803,1200,  , TD,9.6N,159.5W,30,1007,0,0,0,0,0,0,0,0,0,0,0,0
EP072014,          GENEVIEVE,20140803,1800,  , TD,9.3N,160.6W,30,1007,0,0,0,0,0,0,0,0,0,0,0,0
EP072014,          GENEVIEVE,20140804,0,  , TD,9.1N,162.0W,30,1006,0,0,0,0,0,0,0,0,0,0,0,0
EP072014,          GENEVIEVE,20140804,600,  , TD,9.2N,163.4W,30,1006,0,0,0,0,0,0,0,0,0,0,0,0
EP072014,          GENEVIEVE,20140804,1200,  , TD,9.4N,165.0W,30,1006,0,0,0,0,0,0,0,0,0,0,0,0
EP072014,          GENEVIEVE,20140804,1800,  , TD,9.8N,166.6W,30,1006,0,0,0,0,0,0,0,0,0,0,0,0
EP072014,          GENEVIEVE,20140805,0,  , TD,10.1N,168.0W,30,1006,0,0,0,0,0,0,0,0,0,0,0,0
EP072014,          GENEVIEVE,20140805,600,  , TD,10.4N,169.3W,30,1006,0,0,0,0,0,0,0,0,0,0,0,0
EP072014,          GENEVIEVE,20140805,1200,  , TS,10.8N,170.7W,35,1004,30,30,20,30,0,0,0,0,0,0,0,0
EP072014,          GENEVIEVE,20140805,1800,  , TS,11.2N,172.2W,40,1003,40,40,30,40,0,0,0,0,0,0,0,0
EP072014,          GENEVIEVE,20140806,0,  , TS,11.6N,173.6W,45,1001,50,50,40,50,0,0,0,0,0,0,0,0
EP072014,          GENEVIEVE,20140806,600,  , TS,12.0N,175.0W,55,997,75,60,60,75,35,30,30,35,0,0,0,0
EP072014,          GENEVIEVE,20140806,1200,  , HU,12.5N,176.3W,65,990,100,75,70,85,50,45,40,50,25,0,0,20
EP072014,          GENEVIEVE,20140806,1800,  , HU,13.1N,177.6W,75,980,120,90,80,110,60,50,50,60,50,20,20,45
EP072014,          GENEVIEVE,20140807,0,  , HU,13.9N,179.2W,100,965,120,90,80,110,60,40,40,50,40,20,20,30
EP072014,          GENEVIEVE,20140807,600,  , TS,14.5N,179.8E,130,926,120,90,80,110,60,40,40,50,40,20,20,30
EP072014,          GENEVIEVE,20140807,1200,  , TS,15.1N,178.7E,140,918,120,90,80,110,60,40,40,50,40,20,20,30
EP072014,          GENEVIEVE,20140807,1800,  , TS,15.6N,177.4E,140,918,120,90,80,110,60,40,40,50,40,20,20,30
EP072014,          GENEVIEVE,20140808,0,  , TS,16.3N,176.4E,140,918,120,90,80,110,60,40,40,50,40,20,20,30
EP072014,          GENEVIEVE,20140808,600,  , TS,16.9N,176.0E,135,922,135,115,115,135,90,75,75,90,50,40,40,50
EP072014,          GENEVIEVE,20140808,1200,  , TS,17.5N,175.9E,130,926,120,120,110,110,80,80,70,70,55,55,40,40
EP072014,          GENEVIEVE,20140808,1800,  , HU,18.4N,176.0E,125,929,120,120,105,115,80,80,70,70,55,55,40,40
EP072014,          GENEVIEVE,20140809,0,  , HU,19.6N,176.4E,120,933,120,120,110,115,80,80,70,70,55,55,40,40
EP072014,          GENEVIEVE,20140809,600,  , HU,21.1N,176.8E,115,937,120,120,110,115,80,80,70,70,55,55,40,40
EP072014,          GENEVIEVE,20140809,1200,  , HU ,23.1N,177.0E,105,944,120,120,110,115,80,80,70,70,55,55,40,40
EP072014,          GENEVIEVE,20140809,1800,  , HU,24.8N,176.9E,100,948,110,110,100,105,70,70,60,60,45,45,30,30
EP072014,          GENEVIEVE,20140810,0,  , HU,26.7N,176.1E,95,952,105,105,100,105,60,60,50,50,35,35,30,30
EP072014,          GENEVIEVE,20140810,600,  , HU,28.4N,175.0E,85,959,115,105,100,115,65,60,40,55,35,20,20,35
EP072014,          GENEVIEVE,20140810,1200,  , HU,30.5N,173.3E,80,963,115,105,100,115,65,60,40,55,35,20,20,35
EP072014,          GENEVIEVE,20140810,1800,  , HU,31.8N,171.8E,70,970,105,95,80,100,55,45,30,50,15,15,15,15
EP072014,          GENEVIEVE,20140811,0,  , TS,33.0N,170.2E,60,978,105,90,80,100,55,35,30,50,0,0,0,0
EP072014,          GENEVIEVE,20140811,600,  , TS,33.9N,169.2E,50,985,105,90,80,100,30,20,20,30,0,0,0,0
EP072014,          GENEVIEVE,20140811,1200,  , TS,34.4N,168.3E,40,993,105,90,80,100,0,0,0,0,0,0,0,0
EP072014,          GENEVIEVE,20140811,1800,  , TS,34.8N,167.5E,35,996,105,90,80,100,0,0,0,0,0,0,0,0
EP072014,          GENEVIEVE,20140812,0,  , TS,35.0N,166.7E,35,996,105,90,80,100,0,0,0,0,0,0,0,0
EP072014,          GENEVIEVE,20140812,600,  , TS,35.2N,166.1E,35,996,105,90,80,100,0,0,0,0,0,0,0,0
EP072014,          GENEVIEVE,20140812,1200,  , TD,35.4N,165.5E,30,1000,0,0,0,0,0,0,0,0,0,0,0,0
EP072014,          GENEVIEVE,20140812,1800,  , TD,35.7N,165.0E,25,1004,0,0,0,0,0,0,0,0,0,0,0,0
EP072014,          GENEVIEVE,20140813,0,  , SD,36.3N,164.8E,25,1004,0,0,0,0,0,0,0,0,0,0,0,0
EP072014,          GENEVIEVE,20140813,600,  , SD,36.8N,164.8E,25,1004,0,0,0,0,0,0,0,0,0,0,0,0